{
  "GoogleLoginClientID": null,
  "GoogleLoginNonce": null,
  "deployment": {
    "SandboxId": {
      "Value": "c4192b4aec3d42e4806d24a82c068623"
    },
    "DeploymentId": "8e2c44a26d8741859c5f404eb9f6e1dd"
  },
  "clientCredentials": null,
  "isServer": false,
  "platformOptionsFlags": "None",
  "authScopeOptionsFlags": "NoFlags",
  "integratedPlatformManagementFlags": 0,
  "tickBudgetInMilliseconds": 0,
  "taskNetworkTimeoutSeconds": 0.0,
  "threadAffinity": {
    "NetworkWork": 0,
    "StorageIo": 0,
    "WebSocketIo": 0,
    "P2PIo": 0,
    "HttpRequestIo": 0,
    "RTCIo": 0,
    "EmbeddedOverlayMainThread": 0,
    "EmbeddedOverlayWorkerThreads": 0
  },
  "alwaysSendInputToOverlay": false,
  "initialButtonDelayForOverlay": 0.0,
  "repeatButtonDelayForOverlay": 0.0,
  "toggleFriendsButtonCombination": "SpecialLeft",
  "schemaVersion": "1.0"
}